1,29.5,15.1,91.6,50.1,0.0,4.1,2.6,12.5
2,30.1,16.8,90.1,52.6,0.0,4.1,3.1,12.5
3,29.3,15.9,93.4,51.6,0.0,4.4,2.7,13.3
4,31.2,16.2,93.7,47.7,0.0,7.1,2.8,15.2
5,31.4,18.2,88.4,51.3,0.0,9,4.3,16.3
6,31.9,18.6,89.6,51.7,0.0,8.7,4.7,17.5
7,33.8,18.1,91.7,43.1,0.0,8.7,4,18
8,34.8,19.2,86.9,42.4,0.0,8.8,4.5,21.1
9,35.4,19.9,86.3,42.7,0.0,9.6,4.6,23.6
10,36.5,20.8,90.0,45.0,0.0,9.4,6.1,23.8
11,35.5,21.6,88.9,46.1,0.0,9,6.5,24.2
12,35.9,25.4,88.7,54.3,0.0,7.2,6.9,25.5
13,38.0,24.8,93.3,53.9,0.0,9.1,7.2,25.9
14,37.5,23.3,94.0,56.7,0.0,9.5,7.2,28.1
15,41.0,26.5,84.0,56.9,0.0,8.7,8.3,28.5
16,39.3,26.8,86.1,49.7,0.0,8.4,6.9,29.8
17,41.0,27.9,90.9,47.1,0.0,9.4,8.7,32.3
18,41.0,28.0,84.0,48.6,0.0,8.7,10,29.9
19,40.4,27.2,79.1,59.0,1.4,7.3,9.3,33
20,39.2,26.4,91.6,62.9,5.5,7.4,8.9,31.9
21,38.7,27.4,88.6,64.4,1.4,4.8,10.1,30.1
22,40.9,28.2,80.3,53.0,2.2,9,11.2,32.8
23,40.5,26.3,81.0,49.4,22.2,8.8,10.2,33.5
24,34.8,25.3,86.6,67.9,40.0,9.9,9.7,28.5
25,36.2,26.6,77.3,56.3,3.7,3.5,9.9,31.1
26,38.0,26.3,76.9,48.7,24.1,8.1,11.3,26.4
27,36.7,26.3,80.3,66.7,67.4,3.4,9.5,23.8
28,34.5,25.3,84.6,64.4,94.8,3.1,9.2,27.4
29,35.3,24.9,83.7,56.0,71.2,4.9,10.9,22
30,33.7,25.1,84.1,59.0,30.2,1.4,11.8,17.1
31,34.7,25.2,79.7,58.3,8.0,7.7,5.1,20.5
32,35.2,25.6,73.4,50.7,10.9,12.1,4.1,20.5
33,35.2,25.7,78.1,64.9,42.2,6.6,2.9,20.7
34,33.9,24.5,81.9,72.3,77.4,5,2.8,19.4
35,31.7,24.7,84.3,77.1,26.6,6.1,2.4,19.1
36,32.2,24.0,89.0,71.9,47.6,6.5,2.6,18.1
37,32.9,24.7,82.7,61.3,44.0,5.4,5.8,18.1
38,34.8,25.0,78.6,57.4,0.0,4.6,6.1,13.6
39,33.7,24.9,85.0,72.9,55.4,4.8,4,16.3
40,31.6,24.1,84.1,86.7,46.3,2.6,2.7,13.8
41,33.0,24.0,86.1,73.0,6.4,1.9,6.9,14.8
42,33.2,24.1,85.6,67.3,4.3,2.6,5.9,16.7
43,32.8,23.7,89.1,74.9,41.1,1.9,6.1,14.6
44,33.3,22.5,85.7,59.6,0.0,3.2,7.1,10.4
45,33.1,21.8,88.6,63.3,0.0,2.7,8.3,11.5
46,31.9,16.2,84.9,58.7,0.0,2.2,9.4,12.4
47,30.8,19.7,87.4,68.1,0.0,3.2,3.4,13.1
48,31.3,19.5,88.0,65.4,0.0,2.6,8.2,13.6
49,30.6,16.1,87.0,54.6,0.0,2.1,8.4,12.2
50,30.6,14.8,87.9,57.0,0.0,2.5,8.7,12.6
51,30.0,16.0,87.7,53.0,0.0,3.1,8.4,12.7
52,30.5,16.8,93.0,61.5,0.0,3.1,6.7,15.1
1,29.8,15.8,87.7,55.6,0.0,2.8,7,12.5
2,30.8,16.2,89.1,57.9,0.0,3.2,8.8,12.5
3,32.5,18.0,93.6,60.9,0.0,3.5,8.5,13.3
4,31.6,18.1,89.1,58.7,0.0,4.6,8.6,15.2
5,32.7,17.9,86.6,56.4,0.0,4.3,9.2,16.3
6,32.9,21.8,91.7,65.3,0.0,7.2,6.4,17.5
7,33.3,21.0,88.4,61.0,0.0,6.1,6.9,18
8,31.4,22.2,88.3,72.4,52.8,5.5,3.5,21.1
9,32.8,18.8,88.1,57.9,30.6,4.7,7.7,23.6
10,34.9,20.9,93.3,55.9,0.0,5.9,9.1,23.8
11,35.2,21.7,88.7,55.7,0.0,7,9.2,24.2
12,35.6,20.4,88.1,67.1,0.0,6.1,9,25.5
13,37.0,22.7,89.9,67.1,0.0,5.1,8.2,25.9
14,36.6,24.1,92.7,86.3,10.5,9.4,9.9,28.1
15,39.4,26.7,87.0,62.4,0.0,9.2,8.8,28.5
16,38.4,25.3,85.3,71.9,0.8,9.3,8.9,29.8
17,42.7,26.8,85.0,32.6,7.4,7.9,8.9,32.3
18,40.4,26.2,77.3,41.9,7.6,9.1,9.6,29.9
19,39.5,26.1,78.4,49.4,1.8,8.3,8.5,33
20,42.6,27.8,53.6,41.4,0.0,9.5,9.4,31.9
21,40.1,26.9,68.1,47.3,33.0,8.1,6.9,30.1
22,40.2,27.1,64.9,50.0,9.6,10,7.3,32.8
23,34.9,24.7,76.9,64.3,102.0,10.3,4.4,33.5
24,36.9,26.5,68.4,47.4,7.2,10.2,4.7,28.5
25,36.6,26.2,73.7,52.4,3.0,10.3,3.7,31.1
26,34.7,24.6,83.9,67.6,87.6,10,3.7,26.4
27,33.1,23.9,88.4,73.6,73.8,7.1,3.4,23.8
28,32.7,24.7,82.1,67.6,31.0,12.4,2.8,27.4
29,35.3,26.2,74.9,52.3,0.0,12.7,5.2,22
30,36.1,24.9,74.4,55.3,11.4,5.1,5.1,17.1
31,35.1,25.5,82.3,69.6,4.6,6.8,7.3,20.5
32,32.5,24.2,88.3,74.7,90.8,7.7,2.4,20.5
33,33.3,24.7,91.9,74.1,64.2,6.8,3.5,20.7
34,30.0,23.9,91.9,84.4,228.3,8.7,1.3,19.4
35,33.0,24.6,81.0,65.1,13.5,10.2,4.5,19.1
36,34.9,24.6,75.4,61.4,5.4,6.2,7.1,18.1
37,36.0,24.8,78.3,59.9,9.0,4.1,7.5,18.1
38,35.2,24.3,88.9,63.3,6.0,3.2,5.9,13.6
39,33.5,23.6,89.9,67.7,50.8,2.8,4.7,16.3
40,34.1,23.6,87.4,64.9,22.0,1.6,7.7,13.8
41,33.7,23.6,85.9,65.0,55.8,2.1,6.4,14.8
42,32.2,23.2,86.4,71.1,18.6,3.5,2.2,16.7
43,34.9,21.8,80.4,45.9,0.0,2.9,8.7,14.6
44,33.5,21.3,83.1,68.1,8.6,2.8,8.2,10.4
45,32.3,20.5,89.6,63.3,0.0,2.8,7.2,11.5
46,31.8,17.3,86.0,51.6,0.0,2.6,7.6,12.4
47,31.1,18.7,90.3,58.3,0.0,2.6,5.8,13.1
48,31.1,19.9,88.4,65.9,39.6,3.2,3.6,13.6
49,30.4,16.2,89.1,53.4,0.0,2.2,8.9,12.2
50,30.9,13.9,89.0,44.1,0.0,1.7,7.8,12.6
51,29.8,14.0,89.0,53.7,0.0,3.7,8.8,12.7
52,28.1,17.2,85.6,60.3,0.0,3.7,6.4,15.1
1,30.1,17.0,89.1,59.6,0.0,2.5,4.1,12.5
2,30.4,15.5,91.4,58.4,0.0,3.5,7.5,12.5
3,30.6,15.9,91.1,55.7,0.0,3.8,7.6,13.3
4,31.5,13.7,88.9,51.9,0.0,2.5,6.6,15.2
5,30.9,13.6,91.1,54.1,0.0,5,8.5,16.3
6,34.3,16.4,88.7,47.9,0.0,4.6,8.8,17.5
7,33.5,16.7,90.4,51.3,0.0,4.9,8.8,18
8,35.1,21.9,81.9,50.9,0.0,5.6,8.4,21.1
9,35.3,23.8,83.4,52.1,0.0,7.2,9.3,23.6
10,35.0,23.2,83.9,64.7,0.0,5.6,8.9,23.8
11,36.3,23.4,84.9,63.4,0.0,6.3,8.9,24.2
12,37.0,25.1,86.7,70.6,0.0,7.4,8.3,25.5
13,37.6,27.5,89.9,71.3,0.0,8.3,8.5,25.9
14,37.4,25.6,88.6,63.7,0.0,6.8,8.3,28.1
15,34.0,25.1,91.1,74.0,30.2,6.7,4.7,28.5
16,35.6,25.7,86.3,64.1,0.0,7.8,8.8,29.8
17,38.4,25.8,87.9,68.9,0.0,10.2,9.9,32.3
18,39.4,27.4,82.0,63.4,0.0,10.8,9,29.9
19,44.5,28.8,78.3,60.3,0.0,9.7,9.1,33
20,43.5,29.3,81.3,64.6,0.0,8,7.2,31.9
21,43.1,30.1,67.9,55.6,0.0,12.1,9.2,30.1
22,42.2,29.2,74.0,56.6,36.4,8.6,2.2,32.8
23,36.4,25.2,83.9,60.3,33.8,5.7,2.3,33.5
24,34.4,25.3,75.9,66.9,58.8,12.2,2.5,28.5
25,38.0,27.2,68.6,59.9,2.0,11.3,5.3,31.1
26,39.2,27.9,75.3,67.9,0.0,12.2,7.2,26.4
27,36.7,27.5,73.9,65.6,4.7,11.7,3.2,23.8
28,38.6,27.4,64.0,53.6,8.8,10.9,4,27.4
29,36.3,25.2,81.7,62.0,5.9,9.3,3.7,22
30,36.2,24.2,91.7,72.3,131.1,6.4,5.4,17.1
31,34.1,23.0,91.6,85.4,155.1,5.2,6.1,20.5
32,32.6,24.0,92.9,86.7,76.2,5.2,1,20.5
33,32.9,24.3,88.7,81.1,44.2,7.2,1.5,20.7
34,33.6,24.4,87.4,83.1,5.6,6.4,3.2,19.4
35,35.4,25.3,84.3,76.3,2.2,6.7,6.1,19.1
36,35.6,25.1,88.3,84.0,40.9,4.6,5.1,18.1
37,35.1,24.8,90.1,85.6,10.3,4.1,4.9,18.1
38,34.3,24.4,92.4,79.9,4.6,3.4,4.9,13.6
39,32.7,24.0,92.4,85.3,48.2,3.6,2.4,16.3
40,32.3,24.5,93.6,87.7,91.8,3.2,2.8,13.8
41,31.9,24.9,94.0,80.7,38.2,1.8,5.3,14.8
42,32.0,24.2,92.9,86.4,21.9,2.9,4.8,16.7
43,33.1,23.7,92.7,73.3,2.0,2.5,7.2,14.6
44,33.7,21.3,86.4,70.7,0.0,2.4,7.9,10.4
45,31.0,22.1,89.6,83.0,45.6,4,2.7,11.5
46,31.6,21.7,92.1,81.6,19.1,2.4,5.9,12.4
47,32.2,22.0,90.0,77.1,0.0,2.3,8.2,13.1
48,30.8,19.4,88.3,78.4,1.4,2.1,6.3,13.6
49,30.8,15.3,89.3,83.3,0.0,1.4,8.9,12.2
50,30.8,16.1,92.4,75.0,0.0,1.8,8.2,12.6
51,29.3,18.1,86.9,78.9,0.0,3.7,3.8,12.7
52,29.7,17.7,90.3,83.6,0.0,2.7,6.5,15.1
1,29.0,16.9,83.4,73.6,27.5,3.9,6.4,12.5
2,29.3,17.4,88.9,72.4,0.0,3,8,18
3,30.4,16.0,90.7,78.1,0.0,3.6,8.7,21.1
4,32.4,20.5,92.0,74.4,0.0,5.1,7.5,23.6
5,31.0,18.8,92.9,76.7,0.0,4.7,8.1,16.3
6,30.9,17.6,89.9,85.4,0.0,5.2,7.1,24.2
7,32.9,19.7,94.3,75.9,0.0,4.3,7.5,25.5
8,34.5,18.8,93.0,79.7,0.0,4.8,9.3,25.9
9,35.4,19.0,92.0,81.1,0.0,5.1,9.3,28.1
10,35.2,22.2,81.3,80.0,0.0,6.8,8.9,28.5
11,35.8,21.5,80.7,73.3,0.0,5.7,9.4,29.8
12,37.0,22.4,77.0,76.7,0.0,8.1,8.9,32.3
13,37.3,25.4,73.3,72.3,0.0,7.9,9.2,29.9
14,37.0,24.0,80.7,56.6,5.0,8.1,9.4,33
15,36.7,22.9,83.1,68.6,0.0,7.8,10.4,31.9
16,37.4,26.0,81.6,56.3,0.0,9.8,10.1,30.1
17,38.4,27.0,70.4,42.4,0.0,10,10.4,32.8
18,38.4,26.8,77.0,56.6,0.0,8.8,8.7,33.5
19,44.5,29.4,67.6,40.1,13.5,10.5,9.2,28.5
20,40.1,29.1,74.9,51.4,9.8,11.8,7.3,31.1
21,41.9,27.4,72.9,50.6,15.0,9.9,7.9,26.4
22,40.1,26.7,70.7,37.0,60.2,9.2,9,23.8
23,36.8,26.2,78.4,62.6,22.0,7,5.8,27.4
24,37.6,27.2,83.6,74.3,5.5,10,5.7,22
25,33.7,25.1,87.7,72.1,26.4,13.5,1.7,17.1
26,37.9,26.6,88.6,69.9,8.4,11.8,8.2,20.5
27,38.8,28.9,59.6,39.4,0.0,12,7.6,20.5
28,39.1,27.2,54.0,44.3,3.9,10.9,5.8,20.7
29,35.2,26.5,66.7,47.0,4.7,11.6,3.9,19.4
30,36.4,24.0,67.1,43.9,7.7,9.2,7.1,19.1
31,34.2,25.3,85.1,62.7,33.3,6.2,3.6,18.1
32,29.6,22.4,87.7,77.9,72.8,10.5,0.5,18.1
33,34.8,24.7,70.1,51.7,26.2,12.7,7,13.6
34,33.4,24.2,81.6,59.0,9.5,7.6,4.6,16.3
35,34.0,23.1,85.7,55.6,50.5,5.8,4.6,13.8
36,34.2,23.9,77.3,53.9,10.0,7.5,6.7,14.8
37,35.5,23.3,72.7,51.3,2.2,5,5,16.7
38,37.1,24.0,67.1,44.9,0.0,5.2,7.6,14.6
39,38.0,23.5,69.4,41.1,2.0,4.7,7.5,10.4
40,36.9,24.1,73.7,49.1,0.0,5,9.7,11.5
41,32.2,24.5,89.6,76.4,35.8,2.7,4.8,12.4
42,31.8,23.7,91.1,72.4,59.9,2.9,5.5,13.1
43,30.4,23.3,79.4,71.1,0.0,4.1,1.5,13.6
44,30.5,21.2,89.4,67.3,107.0,2.4,5.4,12.2
45,30.8,21.3,85.3,63.3,0.0,3.9,4.3,12.6
46,31.9,20.2,85.4,57.4,0.0,2.3,7.7,12.7
47,31.2,16.9,84.0,49.9,0.0,2.8,7.2,15.1
48,32.0,15.8,88.9,57.4,0.0,2.4,9,12.5
49,31.1,17.1,82.3,60.1,0.0,2.9,7.2,12.5
50,31.1,17.1,93.6,58.4,0.0,2.3,6.2,13.3
51,32.9,16.3,95.9,55.7,0.0,2.9,7.8,15.2
52,32.0,17.4,83.3,56.5,0.0,3.8,7,16.3
1,30.4,19.0,87.1,65.3,0.0,3.2,4.9,17.5
2,30.5,17.3,84.1,55.6,0.0,3.4,6.2,18
3,30.1,15.1,82.3,47.6,0.0,3.6,8.4,21.1
4,33.0,18.9,89.7,54.3,0.0,5.2,8,23.6
5,32.7,18.7,88.1,57.0,0.0,5.2,8.2,23.8
6,32.9,20.4,82.0,58.4,0.0,5.7,9.3,24.2
7,33.6,21.4,88.6,64.7,0.0,7,9.4,25.5
8,34.7,21.5,83.9,60.9,0.0,6.6,9.3,25.9
9,35.5,22.0,89.9,54.9,0.0,7.5,9.5,28.1
10,34.9,22.3,88.7,61.9,0.0,8.9,9,28.5
11,34.0,22.9,91.3,64.4,46.1,8.7,7,29.8
12,36.0,23.2,85.4,52.6,0.0,8.9,9.3,32.3
13,37.1,23.8,81.1,45.4,0.0,10.1,9.9,29.9
14,38.7,26.3,78.3,43.3,0.0,10.4,9.4,33
15,37.7,25.7,70.9,43.9,0.0,11.5,9,31.9
16,38.3,26.5,73.4,40.3,0.0,13.6,9.8,30.1
17,39.6,26.1,70.0,30.7,0.0,12.2,10.4,32.8
18,38.9,27.7,72.7,44.3,0.0,14.1,8.6,33.5
19,39.4,27.3,72.0,36.6,0.0,9.6,5.8,28.5
20,42.5,28.8,67.3,28.3,0.0,9.3,6.1,31.1
21,45.1,30.1,46.9,19.1,0.0,11.2,9.3,26.4
22,46.5,30.0,37.1,13.1,0.0,11.4,8,23.8
23,43.9,30.5,57.9,35.1,1.8,13.9,7.2,27.4
24,35.7,25.0,86.3,54.7,161.8,8.9,5.6,22
25,36.3,28.8,66.6,48.1,1.5,11.5,4.3,17.1
26,34.4,26.9,84.6,54.7,32.5,8.5,2.2,20.5
27,34.0,27.3,78.9,57.0,28.5,10.7,2.2,20.5
28,32.2,26.2,92.0,69.4,107.5,7.2,2.4,20.7
29,30.6,24.8,93.3,77.1,94.7,5.8,1.6,19.4
30,32.0,24.5,88.7,70.9,62.5,8.9,3.7,19.1
31,31.5,23.8,90.7,76.7,54.6,7.2,2.1,18.1
32,33.5,24.6,88.4,70.1,26.0,6.8,4.8,18.1
33,33.6,25.0,85.9,65.4,10.0,5.9,5.3,13.6
34,31.5,24.0,83.7,71.4,11.1,8.3,1,16.3
35,34.0,25.1,70.3,52.3,0.6,7.9,4,13.8
36,34.9,24.8,71.9,49.3,8.0,7.9,5.7,14.8
37,35.6,25.6,64.4,45.6,1.3,7,8.5,16.7
38,33.8,23.7,88.3,64.0,50.9,5,4.4,14.6
39,31.3,24.1,92.7,77.3,81.8,3.8,5,10.4
40,31.5,23.6,91.6,78.6,73.7,3.4,3.3,11.5
41,32.8,24.1,89.7,67.9,21.1,2.3,5.8,12.4
42,32.1,24.6,89.6,72.6,40.3,2.7,4,13.1
43,29.4,22.5,95.1,79.1,89.2,2.2,5.3,13.6
44,32.2,23.3,93.0,67.6,37.9,2.9,8.7,12.2
45,31.5,22.4,88.6,62.6,0.0,2.5,8.3,12.6
46,31.3,20.9,81.7,65.0,0.0,2.7,7.6,12.7
47,30.8,17.9,89.0,56.6,0.0,2.7,8.5,15.1
48,30.9,18.4,94.9,59.7,0.0,2.7,9.1,12.5
49,31.0,16.4,85.9,49.7,0.0,2.2,9.4,12.5
50,28.3,18.1,92.6,69.4,119.7,5.3,4.1,13.3
51,28.2,15.8,95.3,58.7,0.0,2.6,9.1,15.2
52,27.1,20.2,92.9,70.6,11.7,3.3,3.7,16.3
1,29.5,15.1,91.6,50.1,0.0,4.1,2.6,12.6
2,30.1,16.8,90.1,52.6,0.0,4.1,3.1,12.7
3,29.3,15.9,93.4,51.6,0.0,4.4,2.7,15.1
4,31.2,16.2,93.7,47.7,0.0,7.1,2.8,12.5
5,31.4,18.2,88.4,51.3,0.0,9,4.3,12.5
6,31.9,18.6,89.6,51.7,0.0,8.7,4.7,13.3
7,33.8,18.1,91.7,43.1,0.0,8.7,4,15.2
8,34.8,19.2,86.9,42.4,0.0,8.8,4.5,16.3
9,35.4,19.9,86.3,42.7,0.0,9.6,4.6,17.5
10,36.5,20.8,90.0,45.0,0.0,9.4,6.1,18
11,35.5,21.6,88.9,46.1,0.0,9,6.5,21.1
12,35.9,25.4,88.7,54.3,0.0,7.2,6.9,23.6
13,38.0,24.8,93.3,53.9,0.0,9.1,7.2,23.8
14,37.5,23.3,94.0,56.7,0.0,9.5,7.2,24.2
15,41.0,26.5,84.0,56.9,0.0,8.7,8.3,25.5
16,39.3,26.8,86.1,49.7,0.0,8.4,6.9,25.9
17,41.0,27.9,90.9,47.1,0.0,9.4,8.7,28.1
18,41.0,28.0,84.0,48.6,0.0,8.7,10,28.5
19,40.4,27.2,79.1,59.0,1.4,7.3,9.3,29.8
20,39.2,26.4,91.6,62.9,5.5,7.4,8.9,32.3
21,38.7,27.4,88.6,64.4,1.4,4.8,10.1,29.9
22,40.9,28.2,80.3,53.0,2.2,9,11.2,33
23,40.5,26.3,81.0,49.4,22.2,8.8,10.2,31.9
24,34.8,25.3,86.6,67.9,40.0,9.9,9.7,30.1
25,36.2,26.6,77.3,56.3,3.7,3.5,9.9,32.8
26,38.0,26.3,76.9,48.7,24.1,8.1,11.3,33.5
27,36.7,26.3,80.3,66.7,67.4,3.4,9.5,28.5
28,34.5,25.3,84.6,64.4,94.8,3.1,9.2,31.1
29,35.3,24.9,83.7,56.0,71.2,4.9,10.9,26.4
30,33.7,25.1,84.1,59.0,30.2,1.4,11.8,23.8
31,34.7,25.2,79.7,58.3,8.0,7.7,5.1,27.4
32,35.2,25.6,73.4,50.7,10.9,12.1,4.1,22
33,35.2,25.7,78.1,64.9,42.2,6.6,2.9,17.1
34,33.9,24.5,81.9,72.3,77.4,5,2.8,20.5
35,31.7,24.7,84.3,77.1,26.6,6.1,2.4,20.5
36,32.2,24.0,89.0,71.9,47.6,6.5,2.6,20.7
37,32.9,24.7,82.7,61.3,44.0,5.4,5.8,19.4
38,34.8,25.0,78.6,57.4,0.0,4.6,6.1,19.1
39,33.7,24.9,85.0,72.9,55.4,4.8,4,18.1
40,31.6,24.1,84.1,86.7,46.3,2.6,2.7,18.1
41,33.0,24.0,86.1,73.0,6.4,1.9,6.9,13.6
42,33.2,24.1,85.6,67.3,4.3,2.6,5.9,16.3
43,32.8,23.7,89.1,74.9,41.1,1.9,6.1,13.8
44,33.3,22.5,85.7,59.6,0.0,3.2,7.1,14.8
45,33.1,21.8,88.6,63.3,0.0,2.7,8.3,16.7
46,31.9,16.2,84.9,58.7,0.0,2.2,9.4,14.6
47,30.8,19.7,87.4,68.1,0.0,3.2,3.4,10.4
48,31.3,19.5,88.0,65.4,0.0,2.6,8.2,11.5
49,30.6,16.1,87.0,54.6,0.0,2.1,8.4,12.4
50,30.6,14.8,87.9,57.0,0.0,2.5,8.7,13.1
51,30.0,16.0,87.7,53.0,0.0,3.1,8.4,13.6
52,30.5,16.8,93.0,61.5,0.0,3.1,6.7,12.2
1,29.8,15.8,87.7,68.1,0.0,2.8,7,10.4
2,30.8,16.2,89.1,65.4,0.0,3.2,8.8,11.5
3,32.5,18.0,93.6,54.6,0.0,3.5,8.5,12.4
4,31.6,18.1,89.1,57.0,0.0,4.6,8.6,13.1
5,32.7,17.9,86.6,53.0,0.0,4.3,9.2,13.6
6,32.9,21.8,91.7,61.5,0.0,7.2,6.4,12.2
7,33.3,21.0,88.4,61.0,0.0,6.1,6.9,18
8,31.4,22.2,88.3,72.4,52.8,5.5,3.5,21.1
9,32.8,18.8,88.1,57.9,30.6,4.7,7.7,23.6
10,34.9,20.9,93.3,55.9,0.0,5.9,9.1,23.8
11,35.2,21.7,88.7,55.7,0.0,7,9.2,24.2
12,35.6,20.4,88.1,67.1,0.0,6.1,9,25.5
13,37.0,22.7,89.9,67.1,0.0,5.1,8.2,25.9
14,36.6,24.1,92.7,86.3,10.5,9.4,9.9,28.1
15,39.4,26.7,87.0,62.4,0.0,9.2,8.8,28.5
16,38.4,25.3,85.3,71.9,0.8,9.3,8.9,29.8
17,42.7,26.8,85.0,32.6,7.4,7.9,8.9,32.3
18,40.4,26.2,77.3,41.9,7.6,9.1,9.6,29.9
19,39.5,26.1,78.4,49.4,1.8,8.3,8.5,33
20,42.6,27.8,53.6,41.4,0.0,9.5,9.4,31.9
21,40.1,26.9,68.1,47.3,33.0,8.1,6.9,30.1
22,40.2,27.1,64.9,50.0,9.6,10,7.3,32.8
23,34.9,24.7,76.9,64.3,102.0,10.3,4.4,33.5
24,36.9,26.5,68.4,47.4,7.2,10.2,4.7,28.5
25,36.6,26.2,73.7,52.4,3.0,10.3,3.7,31.1
26,34.7,24.6,83.9,67.6,87.6,10,3.7,26.4
27,33.1,23.9,88.4,73.6,73.8,7.1,3.4,23.8
28,32.7,24.7,82.1,67.6,31.0,12.4,2.8,27.4
29,35.3,26.2,74.9,52.3,0.0,12.7,5.2,22
30,36.1,24.9,74.4,55.3,11.4,5.1,5.1,17.1
31,35.1,25.5,82.3,69.6,4.6,6.8,7.3,20.5
32,32.5,24.2,88.3,74.7,90.8,7.7,2.4,20.5
33,33.3,24.7,91.9,74.1,64.2,6.8,3.5,20.7
34,30.0,23.9,91.9,84.4,228.3,8.7,1.3,19.4
35,33.0,24.6,81.0,65.1,13.5,10.2,4.5,19.1
36,34.9,24.6,75.4,61.4,5.4,6.2,7.1,18.1
37,36.0,24.8,78.3,59.9,9.0,4.1,7.5,18.1
38,35.2,24.3,88.9,63.3,6.0,3.2,5.9,13.6
39,33.5,23.6,89.9,67.7,50.8,2.8,4.7,16.3
40,34.1,23.6,87.4,64.9,22.0,1.6,7.7,13.8
41,33.7,23.6,85.9,65.0,55.8,2.1,6.4,14.8
42,32.2,23.2,86.4,71.1,18.6,3.5,2.2,16.7
43,34.9,21.8,80.4,45.9,0.0,2.9,8.7,14.6
44,33.5,21.3,83.1,68.1,8.6,2.8,8.2,10.4
45,32.3,20.5,89.6,63.3,0.0,2.8,7.2,11.5
46,31.8,17.3,86.0,51.6,0.0,2.6,7.6,12.4
47,31.1,18.7,90.3,58.3,0.0,2.6,5.8,13.1
48,31.1,19.9,88.4,65.9,39.6,3.2,3.6,13.6
49,30.4,16.2,89.1,53.4,0.0,2.2,8.9,12.2
50,30.9,13.9,89.0,44.1,0.0,1.7,7.8,12.6
51,29.8,14.0,89.0,53.7,0.0,3.7,8.8,12.7
52,28.1,17.2,85.6,60.3,0.0,3.7,6.4,15.1
1,30.4,19.0,87.1,65.3,0.0,3.2,4.9,12.6
2,30.5,17.3,84.1,55.6,0.0,3.4,6.2,12.7
3,30.1,15.1,82.3,47.6,0.0,3.6,8.4,15.1
4,33.0,18.9,89.7,54.3,0.0,5.2,8,12.5
5,32.7,18.7,88.1,57.0,0.0,5.2,8.2,12.5
6,32.9,20.4,82.0,58.4,0.0,5.7,9.3,13.3
7,33.6,21.4,88.6,64.7,0.0,7,9.4,15.2
8,34.7,21.5,83.9,60.9,0.0,6.6,9.3,16.3
9,35.5,22.0,89.9,54.9,0.0,7.5,9.5,17.5
10,34.9,22.3,88.7,61.9,0.0,8.9,9,18
11,34.0,22.9,91.3,64.4,46.1,8.7,7,21.1
12,36.0,23.2,85.4,52.6,0.0,8.9,9.3,23.6
13,37.1,23.8,81.1,45.4,0.0,10.1,9.9,23.8
14,38.7,26.3,78.3,43.3,0.0,10.4,9.4,24.2
15,37.7,25.7,70.9,43.9,0.0,11.5,9,25.5
16,38.3,26.5,73.4,40.3,0.0,13.6,9.8,25.9
17,39.6,26.1,70.0,30.7,0.0,12.2,10.4,28.1
18,38.9,27.7,72.7,44.3,0.0,14.1,8.6,28.5
19,39.4,27.3,72.0,36.6,0.0,9.6,5.8,29.8
20,42.5,28.8,67.3,28.3,0.0,9.3,6.1,32.3
21,45.1,30.1,46.9,19.1,0.0,11.2,9.3,29.9
22,46.5,30.0,37.1,13.1,0.0,11.4,8,33
23,43.9,30.5,57.9,35.1,1.8,13.9,7.2,31.9
24,35.7,25.0,86.3,54.7,161.8,8.9,5.6,30.1
25,36.3,28.8,66.6,48.1,1.5,11.5,4.3,32.8
26,34.4,26.9,84.6,54.7,32.5,8.5,2.2,33.5
27,34.0,27.3,78.9,57.0,28.5,10.7,2.2,28.5
28,32.2,26.2,92.0,69.4,107.5,7.2,2.4,31.1
29,30.6,24.8,93.3,77.1,94.7,5.8,1.6,26.4
30,32.0,24.5,88.7,70.9,62.5,8.9,3.7,23.8
31,31.5,23.8,90.7,76.7,54.6,7.2,2.1,27.4
32,33.5,24.6,88.4,70.1,26.0,6.8,4.8,22
33,33.6,25.0,85.9,65.4,10.0,5.9,5.3,17.1
34,31.5,24.0,83.7,71.4,11.1,8.3,1,20.5
35,34.0,25.1,70.3,52.3,0.6,7.9,4,20.5
36,34.9,24.8,71.9,49.3,8.0,7.9,5.7,20.7
37,35.6,25.6,64.4,45.6,1.3,7,8.5,19.4
38,33.8,23.7,88.3,64.0,50.9,5,4.4,19.1
39,31.3,24.1,92.7,77.3,81.8,3.8,5,18.1
40,31.5,23.6,91.6,78.6,73.7,3.4,3.3,18.1
41,32.8,24.1,89.7,67.9,21.1,2.3,5.8,13.6
42,32.1,24.6,89.6,72.6,40.3,2.7,4,16.3
43,29.4,22.5,95.1,79.1,89.2,2.2,5.3,13.8
44,32.2,23.3,93.0,67.6,37.9,2.9,8.7,14.8
45,31.5,22.4,88.6,62.6,0.0,2.5,8.3,16.7
46,31.3,20.9,81.7,65.0,0.0,2.7,7.6,14.6
47,30.8,17.9,89.0,56.6,0.0,2.7,8.5,10.4
48,30.9,18.4,94.9,59.7,0.0,2.7,9.1,11.5
49,31.0,16.4,85.9,49.7,0.0,2.2,9.4,12.4
50,28.3,18.1,92.6,69.4,119.7,5.3,4.1,13.1
51,28.2,15.8,95.3,58.7,0.0,2.6,9.1,13.6
52,27.1,20.2,92.9,70.6,11.7,3.3,3.7,12.2
1,27.9,16.3,95.6,55.0,0.0,3,7.7,12.6
2,28.7,15.0,93.3,54.1,0.0,2.1,8.6,12.7
3,30.0,15.4,92.9,52.3,0.0,3.7,8.6,15.1
4,30.2,20.1,87.4,61.0,0.0,5.3,5.9,12.5
5,30.8,21.0,89.7,56.3,0.0,5.1,6.7,12.5
6,31.0,17.9,84.7,46.1,0.0,4.6,8.2,13.3
7,31.7,17.6,85.3,44.0,0.0,4.5,9.6,15.2
8,33.9,18.9,76.9,42.4,0.0,5.4,9.6,16.3
9,34.5,19.4,82.3,37.0,0.0,6.2,9.8,17.5
10,34.3,20.6,79.7,45.0,0.0,6.4,9.3,18
11,37.6,21.8,82.7,35.1,0.0,6.4,9.7,21.1
12,36.6,24.6,85.9,41.7,0.0,8.4,9.1,23.6
13,35.2,24.1,80.4,51.6,3.2,8.8,8.9,23.8
14,37.0,26.6,76.3,50.9,0.0,8.3,6.3,24.2
15,38.1,26.7,79.1,42.4,0.0,10.8,10.2,25.5
16,39.8,27.5,74.4,41.3,0.0,9.7,9.6,25.9
17,36.8,27.4,69.9,45.6,0.0,10.9,9.1,28.1
18,34.4,26.5,74.6,60.7,21.4,7,5.1,28.5
19,37.7,27.0,74.0,45.6,11.0,8.3,9.8,29.8
20,37.5,26.4,71.6,50.1,36.1,9.3,6.6,32.3
21,40.7,28.0,57.3,32.1,62.8,11.2,9.4,29.9
22,37.9,26.2,77.0,44.0,8.0,8,8.7,33
23,35.7,25.8,84.3,52.7,38.9,7.8,7.2,31.9
24,34.1,26.0,79.4,55.4,41.5,11.4,3.1,30.1
25,38.1,27.9,60.3,33.6,0.0,13.4,7.4,32.8
26,37.1,26.4,71.0,44.9,54.7,9.6,5.7,33.5
27,35.7,25.8,84.6,50.7,5.1,8.8,5.2,28.5
28,31.6,24.3,89.9,71.0,93.1,6.8,1.3,31.1
29,33.6,25.7,86.9,63.0,9.3,7.3,5.9,26.4
30,28.9,23.5,91.9,79.0,47.7,8,0.6,23.8
31,30.1,24.3,87.1,73.9,60.3,9.9,3.7,27.4
32,33.0,25.1,79.7,58.1,15.9,8.8,5.3,22
33,35.5,26.2,70.1,46.6,1.0,8.6,7.1,17.1
34,36.4,26.4,65.1,43.4,0.0,7.8,6.8,20.5
35,36.6,25.8,62.1,40.3,0.0,5.1,8.7,20.5
36,32.1,25.0,85.6,68.1,37.7,5.2,2.1,20.7
37,33.7,24.5,85.6,58.6,30.3,5.7,6.1,19.4
38,32.2,24.0,93.1,74.0,125.7,3.3,4.5,19.1
39,30.5,23.7,90.3,80.9,32.8,2.3,6.6,18.1
40,29.9,23.9,95.1,88.1,52.5,3.5,3.9,18.1
41,33.0,24.2,88.1,74.4,1.2,1.7,6.1,13.6
42,31.3,22.6,85.9,67.1,4.9,2.9,5.8,16.3
43,31.9,23.4,84.0,66.1,0.0,4.2,9.3,13.8
44,28.7,22.7,85.1,77.3,11.1,2.9,3.5,25.9
45,29.7,22.4,89.6,70.4,7.0,2.8,5.4,28.1
46,31.2,20.7,90.0,63.3,0.0,2.7,7.9,28.5
47,31.1,18.5,83.7,54.4,0.0,2.8,7.9,29.8
48,30.4,17.4,81.9,45.1,0.0,3,8.6,32.3
49,30.0,16.4,82.6,51.9,0.0,2.5,6.9,29.9
50,30.1,16.7,84.7,55.1,0.0,2.9,6.4,33
51,30.6,16.6,89.1,55.9,0.0,2.6,6.8,31.9
52,30.6,17.1,91.9,61.8,0.0,3.2,6.4,30.1
1,30.5,14.1,95.0,46.1,0.0,3.4,7.4,3.5
2,31.1,14.5,95.0,56.0,0.0,3.8,9,3.6
3,31.5,15.9,95.4,48.6,0.0,4.1,7.4,3.8
4,31.9,15.6,95.1,49.3,0.0,4,9.2,4.4
5,30.9,16.0,95.6,56.0,0.0,5.2,8.6,4.6
6,31.7,16.8,93.9,48.4,0.0,4.9,8.2,4.6
7,34.8,19.6,94.4,44.6,0.0,6.9,8.3,5.7
8,33.3,17.8,81.7,37.1,0.0,6.2,8.5,6.2
9,33.1,17.9,89.1,57.0,2.8,6.9,8.3,5.9
10,35.1,19.3,93.1,53.1,0.0,6.8,7.8,7.2
11,37.7,21.2,93.0,41.3,0.0,8.4,7.9,6.8
12,36.3,23.5,91.3,39.4,0.0,11.5,8,8.6
13,37.6,24.3,92.1,42.4,0.0,9.2,7.7,7.2
14,37.8,21.6,88.0,38.6,0.0,9.8,10,8.4
15,37.1,24.6,87.1,44.9,2.8,11,8.8,7.6
16,39.4,25.1,84.1,34.6,0.0,12.1,9,8.7
17,40.3,25.7,67.9,35.0,0.0,13.7,9.3,9.6
18,42.6,27.0,56.9,45.1,1.5,14.1,10.6,11
19,44.0,27.9,47.7,45.6,0.0,13.6,12.1,13.2
20,39.3,24.8,58.3,44.6,55.2,12.7,7.2,10.3
21,39.3,24.9,58.7,42.6,24.8,11.2,8.3,7.4
22,41.0,26.0,53.4,41.9,2.2,12.6,7.8,11.5
23,39.2,26.7,58.9,47.7,10.2,10.6,9.5,8.5
24,38.5,22.7,65.6,53.1,0.0,16,6.1,6.6
25,39.4,26.3,53.1,54.1,3.7,16.6,8.1,11.5
26,38.1,25.8,59.4,56.1,98.8,13,6.3,10.4
27,35.2,25.3,68.0,57.6,71.8,9.9,3.9,6.6
28,34.5,24.9,65.7,61.0,35.8,12,2.1,6.6
29,37.1,25.9,61.1,61.1,6.3,9.8,7.8,6.8
30,32.2,24.5,83.7,65.0,21.0,10.9,1.1,5.6
31,33.8,25.0,68.6,63.9,6.7,11.6,2,5.2
32,36.1,25.8,66.6,65.7,21.3,10.8,4.4,6.7
33,36.1,25.4,63.0,65.3,2.5,12,3.8,6.4
34,37.5,26.3,54.9,67.4,0.0,10.8,6.6,10.4
35,34.4,24.1,76.0,64.7,76.8,5.3,4.6,5.6
36,33.3,23.1,72.3,65.1,9.1,7,3,4.3
37,36.7,24.6,62.9,65.3,4.6,8.9,8.3,8.2
38,34.7,23.4,80.3,67.9,27.0,4.8,3.8,3.7
39,34.4,23.7,74.6,70.0,5.4,6.3,6,4.4
40,34.7,22.9,79.0,71.6,43.2,3.5,5,4.4
41,31.6,22.5,86.9,73.0,147.2,3.9,4.4,3
42,32.1,23.0,84.7,69.3,24.4,1.9,6.8,3.3
43,34.0,22.1,75.0,67.7,0.0,2.1,8.8,3.8
44,31.9,24.1,79.9,70.4,56.4,3.1,8.3,2.8
45,30.6,23.2,72.9,64.6,0.0,5.2,6.1,3.4
46,32.6,19.4,77.0,61.9,0.2,2.6,8.5,3.5
47,32.7,18.7,77.4,59.1,0.0,2.8,8.4,3.7
48,31.1,13.7,76.6,58.7,0.0,2.5,9,3.9
49,28.1,18.9,84.1,56.1,26.8,3.2,4.8,1.8
50,29.8,17.2,81.3,58.1,0.0,2,8,3.3
51,28.9,14.6,74.6,58.9,0.0,2.6,7,3.3
52,28.6,13.9,75.0,60.0,0.0,3.8,7.1,3.7
1,29.1,16.5,85.7,63.9,32.0,3.8,6.5,5.6
2,27.2,20.0,95.1,75.7,46.2,5.7,4.3,2.8
3,27.3,17.7,93.0,59.6,2.5,4.4,5.7,2.6
4,29.2,16.1,93.4,52.6,0.0,3.8,8.1,3.7
5,29.4,15.9,90.4,51.3,0.0,4.4,8.6,4
6,31.7,18.5,94.1,52.9,0.0,4.7,8.7,3.8
7,32.1,18.1,92.3,50.6,0.0,6.3,8.7,3.7
8,33.4,21.4,92.0,52.1,0.0,6.7,8.5,5.3
9,34.6,21.1,89.3,50.9,0.0,6.9,8.8,5.7
10,35.1,20.1,94.3,44.6,0.0,7.3,8.7,6.6
11,35.9,21.0,93.7,47.6,0.0,6.1,8.8,6.5
12,38.0,21.9,95.6,46.7,0.0,7.1,8.1,8.1
13,37.5,24.5,90.1,44.1,0.0,8.7,8.6,8.3
14,37.4,24.1,82.3,41.3,0.0,8.7,10,7.6
15,37.6,23.8,80.9,42.3,0.0,9.6,9.7,7.9
16,37.9,25.8,83.4,44.6,0.0,9,9.3,8.1
17,39.1,26.0,90.3,40.1,0.0,10.3,10.7,8.6
18,37.7,26.0,84.1,54.7,12.4,8.1,7.6,9.1
19,32.2,25.0,88.0,69.1,55.2,8.3,1.9,3.3
20,37.2,26.0,78.9,53.0,15.8,11.2,5.1,7.2
21,39.9,26.3,87.4,52.9,0.0,8.4,9.2,8.9
22,41.9,27.3,87.1,38.1,1.0,10.3,1.2,8.9
23,42.4,29.9,67.6,32.9,0.0,14.8,5.4,15.3
24,40.4,28.6,75.1,37.3,0.0,11.3,5.8,11.6
25,36.1,26.2,82.1,51.4,7.4,10.2,0.5,7.6
26,35.0,24.4,90.4,58.3,88.4,10.3,1.7,4.7
27,37.2,26.9,83.1,52.1,7.6,10.4,4.7,7.9
28,33.9,24.9,86.9,58.1,39.2,8,2.1,4.2
29,30.0,24.3,90.4,77.1,45.6,8.3,0,2.2
30,33.3,23.4,90.6,62.6,52.4,8.4,4.3,4.6
31,35.2,25.7,81.0,54.3,4.0,9.6,5.7,5.9
32,34.5,25.2,85.9,61.7,114.0,7.4,4,8
33,34.4,25.0,86.1,61.1,81.6,6.1,6.5,5.2
34,33.9,24.5,91.0,67.9,32.4,5.5,6,4.6
35,30.7,23.8,86.0,74.4,56.6,11.3,2.7,3.9
36,34.4,24.6,75.9,52.0,0.0,6.6,7.1,6.2
37,32.9,25.0,90.4,68.0,13.4,5.4,4.3,3.8
38,33.0,25.0,86.3,66.3,10.6,4.8,3.1,3.2
39,34.2,24.9,86.7,61.4,23.8,3.8,4.7,5.6
40,32.7,24.9,90.4,70.0,9.4,3.2,4.7,3.6
41,29.7,24.4,94.9,81.9,147.6,3.2,2.3,2.3
42,30.4,24.0,92.0,70.1,155.8,2.2,2.9,12
43,31.7,23.0,91.0,66.7,9.2,3,8.5,2.7
44,33.0,22.8,87.3,54.1,6.4,3.2,8.3,3.7
45,32.9,22.2,84.4,53.0,5.0,4.3,7.4,4.7
46,32.1,20.7,84.7,52.4,0.0,3,7.5,3.6
47,32.2,21.4,85.4,57.6,0.0,4.2,6.6,4
48,31.6,18.2,87.4,49.7,1.0,3.4,8.5,4.2
49,30.9,18.2,88.1,53.7,0.0,3.2,7.9,3.9
50,30.5,16.1,91.7,55.9,0.0,2.8,8.5,3.7
51,30.3,16.5,92.1,52.9,0.0,3.3,8.3,3.6
52,29.4,16.4,87.0,52.3,0.0,4.8,7.1,3.8
1,30.1,17.0,89.1,59.6,0.0,2.5,4.1,13.8
2,30.4,15.5,91.4,58.4,0.0,3.5,7.5,14.8
3,30.6,15.9,91.1,55.7,0.0,3.8,7.6,16.7
4,31.5,13.7,88.9,51.9,0.0,2.5,6.6,14.6
5,30.9,13.6,91.1,54.1,0.0,5,8.5,10.4
6,34.3,16.4,88.7,47.9,0.0,4.6,8.8,11.5
7,33.5,16.7,90.4,51.3,0.0,4.9,8.8,12.4
8,35.1,21.9,81.9,50.9,0.0,5.6,8.4,13.1
9,35.3,23.8,83.4,52.1,0.0,7.2,9.3,13.6
10,35.0,23.2,83.9,64.7,0.0,5.6,8.9,12.2
11,36.3,23.4,84.9,63.4,0.0,6.3,8.9,12.6
12,37.0,25.1,86.7,70.6,0.0,7.4,8.3,12.7
13,37.6,27.5,89.9,71.3,0.0,8.3,8.5,15.1
14,37.4,25.6,88.6,63.7,0.0,6.8,8.3,12.5
15,34.0,25.1,91.1,74.0,30.2,6.7,4.7,12.5
16,35.6,25.7,86.3,64.1,0.0,7.8,8.8,13.3
17,38.4,25.8,87.9,68.9,0.0,10.2,9.9,15.2
18,39.4,27.4,82.0,63.4,0.0,10.8,9,16.3
19,44.5,28.8,78.3,60.3,0.0,9.7,9.1,17.5
20,43.5,29.3,81.3,64.6,0.0,8,7.2,18
21,43.1,30.1,67.9,55.6,0.0,12.1,9.2,21.1
22,42.2,29.2,74.0,56.6,36.4,8.6,2.2,23.6
23,36.4,25.2,83.9,60.3,33.8,5.7,2.3,23.8
24,34.4,25.3,75.9,66.9,58.8,12.2,2.5,24.2
25,38.0,27.2,68.6,59.9,2.0,11.3,5.3,25.5
26,39.2,27.9,75.3,67.9,0.0,12.2,7.2,25.9
27,36.7,27.5,73.9,65.6,4.7,11.7,3.2,28.1
28,38.6,27.4,64.0,53.6,8.8,10.9,4,28.5
29,36.3,25.2,81.7,62.0,5.9,9.3,3.7,29.8
30,36.2,24.2,91.7,72.3,131.1,6.4,5.4,32.3
31,34.1,23.0,91.6,85.4,155.1,5.2,6.1,29.9
32,32.6,24.0,92.9,86.7,76.2,5.2,1,33
33,32.9,24.3,88.7,81.1,44.2,7.2,1.5,31.9
34,33.6,24.4,87.4,83.1,5.6,6.4,3.2,30.1
35,35.4,25.3,84.3,76.3,2.2,6.7,6.1,32.8
36,35.6,25.1,88.3,84.0,40.9,4.6,5.1,33.5
37,35.1,24.8,90.1,85.6,10.3,4.1,4.9,28.5
38,34.3,24.4,92.4,79.9,4.6,3.4,4.9,31.1
39,32.7,24.0,92.4,85.3,48.2,3.6,2.4,26.4
40,32.3,24.5,93.6,87.7,91.8,3.2,2.8,23.8
41,31.9,24.9,94.0,80.7,38.2,1.8,5.3,27.4
42,32.0,24.2,92.9,86.4,21.9,2.9,4.8,22
43,33.1,23.7,92.7,73.3,2.0,2.5,7.2,17.1
44,33.7,21.3,86.4,70.7,0.0,2.4,7.9,20.5
45,31.0,22.1,89.6,83.0,45.6,4,2.7,20.5
46,31.6,21.7,92.1,81.6,19.1,2.4,5.9,20.7
47,32.2,22.0,90.0,77.1,0.0,2.3,8.2,19.4
48,30.8,19.4,88.3,78.4,1.4,2.1,6.3,19.1
49,30.8,15.3,89.3,83.3,0.0,1.4,8.9,18.1
50,30.8,16.1,92.4,75.0,0.0,1.8,8.2,18.1
51,29.3,18.1,86.9,78.9,0.0,3.7,3.8,13.6
52,29.7,17.7,90.3,83.6,0.0,2.7,6.5,16.3
1,29.0,16.9,83.4,73.6,27.5,3.9,6.4,13.8
2,29.3,17.4,88.9,72.4,0.0,3,8,14.8
3,30.4,16.0,90.7,78.1,0.0,3.6,8.7,16.7
4,32.4,20.5,92.0,74.4,0.0,5.1,7.5,14.6
5,31.0,18.8,92.9,76.7,0.0,4.7,8.1,10.4
6,30.9,17.6,89.9,85.4,0.0,5.2,7.1,11.5
7,32.9,19.7,94.3,75.9,0.0,4.3,7.5,12.4
8,34.5,18.8,93.0,79.7,0.0,4.8,9.3,13.1
9,35.4,19.0,92.0,81.1,0.0,5.1,9.3,13.6
10,35.2,22.2,81.3,80.0,0.0,6.8,8.9,12.2
11,35.8,21.5,80.7,73.3,0.0,5.7,9.4,12.6
12,37.0,22.4,77.0,76.7,0.0,8.1,8.9,12.7
13,37.3,25.4,73.3,72.3,0.0,7.9,9.2,15.1
14,37.0,24.0,80.7,56.6,5.0,8.1,9.4,12.5
15,36.7,22.9,83.1,68.6,0.0,7.8,10.4,12.5
16,37.4,26.0,81.6,56.3,0.0,9.8,10.1,13.3
17,38.4,27.0,70.4,42.4,0.0,10,10.4,15.2
18,38.4,26.8,77.0,56.6,0.0,8.8,8.7,16.3
19,44.5,29.4,67.6,40.1,13.5,10.5,9.2,17.5
20,40.1,29.1,74.9,51.4,9.8,11.8,7.3,18
21,41.9,27.4,72.9,50.6,15.0,9.9,7.9,21.1
22,40.1,26.7,70.7,37.0,60.2,9.2,9,23.6
23,36.8,26.2,78.4,62.6,22.0,7,5.8,23.8
24,37.6,27.2,83.6,74.3,5.5,10,5.7,24.2
25,33.7,25.1,87.7,72.1,26.4,13.5,1.7,25.5
26,37.9,26.6,88.6,69.9,8.4,11.8,8.2,25.9
27,38.8,28.9,59.6,39.4,0.0,12,7.6,28.1
28,39.1,27.2,54.0,44.3,3.9,10.9,5.8,28.5
29,35.2,26.5,66.7,47.0,4.7,11.6,3.9,29.8
30,36.4,24.0,67.1,43.9,7.7,9.2,7.1,32.3
31,34.2,25.3,85.1,62.7,33.3,6.2,3.6,29.9
32,29.6,22.4,87.7,77.9,72.8,10.5,0.5,33
33,34.8,24.7,70.1,51.7,26.2,12.7,7,31.9
34,33.4,24.2,81.6,59.0,9.5,7.6,4.6,30.1
35,34.0,23.1,85.7,55.6,50.5,5.8,4.6,32.8
36,34.2,23.9,77.3,53.9,10.0,7.5,6.7,33.5
37,35.5,23.3,72.7,51.3,2.2,5,5,28.5
38,37.1,24.0,67.1,44.9,0.0,5.2,7.6,31.1
39,38.0,23.5,69.4,41.1,2.0,4.7,7.5,26.4
40,36.9,24.1,73.7,49.1,0.0,5,9.7,23.8
41,32.2,24.5,89.6,76.4,35.8,2.7,4.8,27.4
42,31.8,23.7,91.1,72.4,59.9,2.9,5.5,22
43,30.4,23.3,79.4,71.1,0.0,4.1,1.5,17.1
44,30.5,21.2,89.4,67.3,107.0,2.4,5.4,20.5
45,30.8,21.3,85.3,63.3,0.0,3.9,4.3,20.5
46,31.9,20.2,85.4,57.4,0.0,2.3,7.7,20.7
47,31.2,16.9,84.0,49.9,0.0,2.8,7.2,19.4
48,32.0,15.8,88.9,57.4,0.0,2.4,9,19.1
49,31.1,17.1,82.3,60.1,0.0,2.9,7.2,18.1
50,31.1,17.1,93.6,58.4,0.0,2.3,6.2,18.1
51,32.9,16.3,95.9,55.7,0.0,2.9,7.8,13.6
52,32.0,17.4,83.3,56.5,0.0,3.8,7,16.3
1,30.4,19.0,87.1,65.3,0.0,3.2,4.9,13.8
2,30.5,17.3,84.1,55.6,0.0,3.4,6.2,14.8
3,30.1,15.1,82.3,47.6,0.0,3.6,8.4,16.7
4,33.0,18.9,89.7,54.3,0.0,5.2,8,14.6
5,32.7,18.7,88.1,57.0,0.0,5.2,8.2,10.4
6,32.9,20.4,82.0,58.4,0.0,5.7,9.3,11.5
7,33.6,21.4,88.6,64.7,0.0,7,9.4,12.4
8,34.7,21.5,83.9,60.9,0.0,6.6,9.3,13.1
9,35.5,22.0,89.9,54.9,0.0,7.5,9.5,13.6
10,34.9,22.3,88.7,61.9,0.0,8.9,9,12.2
11,34.0,22.9,91.3,64.4,46.1,8.7,7,12.6
12,36.0,23.2,85.4,52.6,0.0,8.9,9.3,12.7
13,37.1,23.8,81.1,45.4,0.0,10.1,9.9,15.1
14,38.7,26.3,78.3,43.3,0.0,10.4,9.4,12.5
15,37.7,25.7,70.9,43.9,0.0,11.5,9,12.5
16,38.3,26.5,73.4,40.3,0.0,13.6,9.8,13.3
17,39.6,26.1,70.0,30.7,0.0,12.2,10.4,15.2
18,38.9,27.7,72.7,44.3,0.0,14.1,8.6,16.3
19,39.4,27.3,72.0,36.6,0.0,9.6,5.8,17.5
20,42.5,28.8,67.3,28.3,0.0,9.3,6.1,18
21,45.1,30.1,46.9,19.1,0.0,11.2,9.3,21.1
22,46.5,30.0,37.1,13.1,0.0,11.4,8,23.6
23,43.9,30.5,57.9,35.1,1.8,13.9,7.2,23.8
24,35.7,25.0,86.3,54.7,161.8,8.9,5.6,24.2
25,36.3,28.8,66.6,48.1,1.5,11.5,4.3,25.5
26,34.4,26.9,84.6,54.7,32.5,8.5,2.2,25.9
27,34.0,27.3,78.9,57.0,28.5,10.7,2.2,28.1
28,32.2,26.2,92.0,69.4,107.5,7.2,2.4,28.5
29,30.6,24.8,93.3,77.1,94.7,5.8,1.6,29.8
30,32.0,24.5,88.7,70.9,62.5,8.9,3.7,32.3
31,31.5,23.8,90.7,76.7,54.6,7.2,2.1,29.9
32,33.5,24.6,88.4,70.1,26.0,6.8,4.8,33
33,33.6,25.0,85.9,65.4,10.0,5.9,5.3,31.9
34,31.5,24.0,83.7,71.4,11.1,8.3,1,30.1
35,34.0,25.1,70.3,52.3,0.6,7.9,4,32.8
36,34.9,24.8,71.9,49.3,8.0,7.9,5.7,33.5
37,35.6,25.6,64.4,45.6,1.3,7,8.5,28.5
38,33.8,23.7,88.3,64.0,50.9,5,4.4,31.1
39,31.3,24.1,92.7,77.3,81.8,3.8,5,26.4
40,31.5,23.6,91.6,78.6,73.7,3.4,3.3,23.8
41,32.8,24.1,89.7,67.9,21.1,2.3,5.8,27.4
42,32.1,24.6,89.6,72.6,40.3,2.7,4,22
43,29.4,22.5,95.1,79.1,89.2,2.2,5.3,17.1
44,32.2,23.3,93.0,67.6,37.9,2.9,8.7,20.5
45,31.5,22.4,88.6,62.6,0.0,2.5,8.3,20.5
46,31.3,20.9,81.7,65.0,0.0,2.7,7.6,20.7
47,30.8,17.9,89.0,56.6,0.0,2.7,8.5,19.4
48,30.9,18.4,94.9,59.7,0.0,2.7,9.1,19.1
49,31.0,16.4,85.9,49.7,0.0,2.2,9.4,18.1
50,28.3,18.1,92.6,69.4,119.7,5.3,4.1,18.1
51,28.2,15.8,95.3,58.7,0.0,2.6,9.1,13.6
52,27.1,20.2,92.9,70.6,11.7,3.3,3.7,16.3
1,30.1,17.0,89.1,59.6,0.0,2.5,4.1,25.9
2,30.4,15.5,91.4,58.4,0.0,3.5,7.5,28.1
3,30.6,15.9,91.1,55.7,0.0,3.8,7.6,28.5
4,31.5,13.7,88.9,51.9,0.0,2.5,6.6,29.8
5,30.9,13.6,91.1,54.1,0.0,5,8.5,32.3
6,34.3,16.4,88.7,47.9,0.0,4.6,8.8,29.9
7,33.5,16.7,90.4,51.3,0.0,4.9,8.8,33
8,35.1,21.9,81.9,50.9,0.0,5.6,8.4,31.9
9,35.3,23.8,83.4,52.1,0.0,7.2,9.3,30.1
10,35.0,23.2,83.9,64.7,0.0,5.6,8.9,32.8
11,36.3,23.4,84.9,63.4,0.0,6.3,8.9,33.5
12,37.0,25.1,86.7,70.6,0.0,7.4,8.3,28.5
13,37.6,27.5,89.9,71.3,0.0,8.3,8.5,31.1
14,37.4,25.6,88.6,63.7,0.0,6.8,8.3,26.4
15,34.0,25.1,91.1,74.0,30.2,6.7,4.7,23.8
16,35.6,25.7,86.3,64.1,0.0,7.8,8.8,27.4
17,38.4,25.8,87.9,68.9,0.0,10.2,9.9,22
18,39.4,27.4,82.0,63.4,0.0,10.8,9,17.1
19,44.5,28.8,78.3,60.3,0.0,9.7,9.1,20.5
20,43.5,29.3,81.3,64.6,0.0,8,7.2,20.5
21,43.1,30.1,67.9,55.6,0.0,12.1,9.2,20.7
22,42.2,29.2,74.0,56.6,36.4,8.6,2.2,19.4
23,36.4,25.2,83.9,60.3,33.8,5.7,2.3,19.1
24,34.4,25.3,75.9,66.9,58.8,12.2,2.5,18.1
25,38.0,27.2,68.6,59.9,2.0,11.3,5.3,18.1
26,39.2,27.9,75.3,67.9,0.0,12.2,7.2,13.6
27,36.7,27.5,73.9,65.6,4.7,11.7,3.2,16.3
28,38.6,27.4,64.0,53.6,8.8,10.9,4,13.8
29,36.3,25.2,81.7,62.0,5.9,9.3,3.7,14.8
30,36.2,24.2,91.7,72.3,131.1,6.4,5.4,16.7
31,34.1,23.0,91.6,85.4,155.1,5.2,6.1,14.6
32,32.6,24.0,92.9,86.7,76.2,5.2,1,10.4
33,32.9,24.3,88.7,81.1,44.2,7.2,1.5,11.5
34,33.6,24.4,87.4,83.1,5.6,6.4,3.2,12.4
35,35.4,25.3,84.3,76.3,2.2,6.7,6.1,13.1
36,35.6,25.1,88.3,84.0,40.9,4.6,5.1,13.6
37,35.1,24.8,90.1,85.6,10.3,4.1,4.9,12.2
38,34.3,24.4,92.4,79.9,4.6,3.4,4.9,12.6
39,32.7,24.0,92.4,85.3,48.2,3.6,2.4,12.7
40,32.3,24.5,93.6,87.7,91.8,3.2,2.8,15.1
41,31.9,24.9,94.0,80.7,38.2,1.8,5.3,12.5
42,32.0,24.2,92.9,86.4,21.9,2.9,4.8,12.5
43,33.1,23.7,92.7,73.3,2.0,2.5,7.2,13.3
44,33.7,21.3,86.4,70.7,0.0,2.4,7.9,15.2
45,31.0,22.1,89.6,83.0,45.6,4,2.7,16.3
46,31.6,21.7,92.1,81.6,19.1,2.4,5.9,17.5
47,32.2,22.0,90.0,77.1,0.0,2.3,8.2,18
48,30.8,19.4,88.3,78.4,1.4,2.1,6.3,21.1
49,30.8,15.3,89.3,83.3,0.0,1.4,8.9,23.6
50,30.8,16.1,92.4,75.0,0.0,1.8,8.2,23.8
51,29.3,18.1,86.9,78.9,0.0,3.7,3.8,24.2
52,29.7,17.7,90.3,83.6,0.0,2.7,6.5,25.5
1,29.0,16.9,83.4,73.6,27.5,3.9,6.4,25.9
2,29.3,17.4,88.9,72.4,0.0,3,8,28.1
3,30.4,16.0,90.7,78.1,0.0,3.6,8.7,28.5
4,32.4,20.5,92.0,74.4,0.0,5.1,7.5,29.8
5,31.0,18.8,92.9,76.7,0.0,4.7,8.1,32.3
6,30.9,17.6,89.9,85.4,0.0,5.2,7.1,29.9
7,32.9,19.7,94.3,75.9,0.0,4.3,7.5,33
8,34.5,18.8,93.0,79.7,0.0,4.8,9.3,31.9
9,35.4,19.0,92.0,81.1,0.0,5.1,9.3,30.1
10,35.2,22.2,81.3,80.0,0.0,6.8,8.9,32.8
11,35.8,21.5,80.7,73.3,0.0,5.7,9.4,33.5
12,37.0,22.4,77.0,76.7,0.0,8.1,8.9,28.5
13,37.3,25.4,73.3,72.3,0.0,7.9,9.2,31.1
14,37.0,24.0,80.7,56.6,5.0,8.1,9.4,26.4
15,36.7,22.9,83.1,68.6,0.0,7.8,10.4,23.8
16,37.4,26.0,81.6,56.3,0.0,9.8,10.1,27.4
17,38.4,27.0,70.4,42.4,0.0,10,10.4,22
18,38.4,26.8,77.0,56.6,0.0,8.8,8.7,17.1
19,44.5,29.4,67.6,40.1,13.5,10.5,9.2,20.5
20,40.1,29.1,74.9,51.4,9.8,11.8,7.3,20.5
21,41.9,27.4,72.9,50.6,15.0,9.9,7.9,20.7
22,40.1,26.7,70.7,37.0,60.2,9.2,9,19.4
23,36.8,26.2,78.4,62.6,22.0,7,5.8,19.1
24,37.6,27.2,83.6,74.3,5.5,10,5.7,18.1
25,33.7,25.1,87.7,72.1,26.4,13.5,1.7,18.1
26,37.9,26.6,88.6,69.9,8.4,11.8,8.2,13.6
27,38.8,28.9,59.6,39.4,0.0,12,7.6,16.3
28,39.1,27.2,54.0,44.3,3.9,10.9,5.8,13.8
29,35.2,26.5,66.7,47.0,4.7,11.6,3.9,14.8
30,36.4,24.0,67.1,43.9,7.7,9.2,7.1,16.7
31,34.2,25.3,85.1,62.7,33.3,6.2,3.6,14.6
32,29.6,22.4,87.7,77.9,72.8,10.5,0.5,10.4
33,34.8,24.7,70.1,51.7,26.2,12.7,7,11.5
34,33.4,24.2,81.6,59.0,9.5,7.6,4.6,12.4
35,34.0,23.1,85.7,55.6,50.5,5.8,4.6,13.1
36,34.2,23.9,77.3,53.9,10.0,7.5,6.7,13.6
37,35.5,23.3,72.7,51.3,2.2,5,5,12.2
38,37.1,24.0,67.1,44.9,0.0,5.2,7.6,12.6
39,38.0,23.5,69.4,41.1,2.0,4.7,7.5,12.7
40,36.9,24.1,73.7,49.1,0.0,5,9.7,15.1
41,32.2,24.5,89.6,76.4,35.8,2.7,4.8,12.5
42,31.8,23.7,91.1,72.4,59.9,2.9,5.5,12.5
43,30.4,23.3,79.4,71.1,0.0,4.1,1.5,13.3
44,30.5,21.2,89.4,67.3,107.0,2.4,5.4,15.2
45,30.8,21.3,85.3,63.3,0.0,3.9,4.3,16.3
46,31.9,20.2,85.4,57.4,0.0,2.3,7.7,17.5
47,31.2,16.9,84.0,49.9,0.0,2.8,7.2,18
48,32.0,15.8,88.9,57.4,0.0,2.4,9,21.1
49,31.1,17.1,82.3,60.1,0.0,2.9,7.2,23.6
50,31.1,17.1,93.6,58.4,0.0,2.3,6.2,23.8
51,32.9,16.3,95.9,55.7,0.0,2.9,7.8,24.2
52,32.0,17.4,83.3,56.5,0.0,3.8,7,25.5
1,27.9,16.3,95.6,55.0,0.0,3,7.7,32.8
2,28.7,15.0,93.3,54.1,0.0,2.1,8.6,33.5
3,30.0,15.4,92.9,52.3,0.0,3.7,8.6,28.5
4,30.2,20.1,87.4,61.0,0.0,5.3,5.9,31.1
5,30.8,21.0,89.7,56.3,0.0,5.1,6.7,26.4
6,31.0,17.9,84.7,46.1,0.0,4.6,8.2,23.8
7,31.7,17.6,85.3,44.0,0.0,4.5,9.6,27.4
8,33.9,18.9,76.9,42.4,0.0,5.4,9.6,22
9,34.5,19.4,82.3,37.0,0.0,6.2,9.8,17.5
10,34.3,20.6,79.7,45.0,0.0,6.4,9.3,18
11,37.6,21.8,82.7,35.1,0.0,6.4,9.7,21.1
12,36.6,24.6,85.9,41.7,0.0,8.4,9.1,23.6
13,35.2,24.1,80.4,51.6,3.2,8.8,8.9,23.8
14,37.0,26.6,76.3,50.9,0.0,8.3,6.3,24.2
15,38.1,26.7,79.1,42.4,0.0,10.8,10.2,25.5
16,39.8,27.5,74.4,41.3,0.0,9.7,9.6,25.9
17,36.8,27.4,69.9,45.6,0.0,10.9,9.1,28.1
18,34.4,26.5,74.6,60.7,21.4,7,5.1,28.5
19,37.7,27.0,74.0,45.6,11.0,8.3,9.8,29.8
20,37.5,26.4,71.6,50.1,36.1,9.3,6.6,32.3
21,40.7,28.0,57.3,32.1,62.8,11.2,9.4,29.9
22,37.9,26.2,77.0,44.0,8.0,8,8.7,33
23,35.7,25.8,84.3,52.7,38.9,7.8,7.2,31.9
24,34.1,26.0,79.4,55.4,41.5,11.4,3.1,30.1
25,38.1,27.9,60.3,33.6,0.0,13.4,7.4,32.8
26,37.1,26.4,71.0,44.9,54.7,9.6,5.7,33.5
27,35.7,25.8,84.6,50.7,5.1,8.8,5.2,28.5
28,31.6,24.3,89.9,71.0,93.1,6.8,1.3,31.1
29,33.6,25.7,86.9,63.0,9.3,7.3,5.9,26.4
30,28.9,23.5,91.9,79.0,47.7,8,0.6,23.8
31,30.1,24.3,87.1,73.9,60.3,9.9,3.7,27.4
32,33.0,25.1,79.7,58.1,15.9,8.8,5.3,22
33,35.5,26.2,70.1,46.6,1.0,8.6,7.1,17.1
34,36.4,26.4,65.1,43.4,0.0,7.8,6.8,20.5
35,36.6,25.8,62.1,40.3,0.0,5.1,8.7,20.5
36,32.1,25.0,85.6,68.1,37.7,5.2,2.1,20.7
37,33.7,24.5,85.6,58.6,30.3,5.7,6.1,19.4
38,32.2,24.0,93.1,74.0,125.7,3.3,4.5,19.1
39,30.5,23.7,90.3,80.9,32.8,2.3,6.6,18.1
40,29.9,23.9,95.1,88.1,52.5,3.5,3.9,18.1
41,33.0,24.2,88.1,74.4,1.2,1.7,6.1,13.6
42,31.3,22.6,85.9,67.1,4.9,2.9,5.8,16.3
43,31.9,23.4,84.0,66.1,0.0,4.2,9.3,13.8
44,28.7,22.7,85.1,77.3,11.1,2.9,3.5,25.9
45,29.7,22.4,89.6,70.4,7.0,2.8,5.4,28.1
46,31.2,20.7,90.0,63.3,0.0,2.7,7.9,28.5
47,31.1,18.5,83.7,54.4,0.0,2.8,7.9,29.8
48,30.4,17.4,81.9,45.1,0.0,3,8.6,32.3
49,30.0,16.4,82.6,51.9,0.0,2.5,6.9,29.9
50,30.1,16.7,84.7,55.1,0.0,2.9,6.4,33
51,30.6,16.6,89.1,55.9,0.0,2.6,6.8,31.9
52,30.6,17.1,91.9,61.8,0.0,3.2,6.4,30.1
1,30.1,17.0,89.1,61.3,0.0,2.5,4.1,14.8
2,30.4,15.5,91.4,57.4,0.0,3.5,7.5,16.7
3,30.6,15.9,91.1,72.9,0.0,3.8,7.6,14.6
4,31.5,13.7,88.9,86.7,0.0,2.5,6.6,10.4
5,30.9,13.6,91.1,73.0,0.0,5,8.5,11.5
6,34.3,16.4,88.7,67.3,0.0,4.6,8.8,12.4
7,33.5,16.7,90.4,74.9,0.0,4.9,8.8,13.1
8,35.1,21.9,81.9,59.6,0.0,5.6,8.4,13.6
9,35.3,23.8,83.4,63.3,0.0,7.2,9.3,12.2
10,35.0,23.2,83.9,58.7,0.0,5.6,8.9,12.6
11,36.3,23.4,84.9,68.1,0.0,6.3,8.9,12.7
12,37.0,25.1,86.7,65.4,0.0,7.4,8.3,15.1
13,37.6,27.5,89.9,54.6,0.0,8.3,8.5,8.3
14,37.4,25.6,88.6,57.0,0.0,6.8,8.3,6.8
15,34.0,25.1,91.1,53.0,30.2,6.7,4.7,6.7
16,35.6,25.7,86.3,61.5,0.0,7.8,8.8,7.8
17,38.4,25.8,87.9,68.9,0.0,10.2,9.9,10.2
18,39.4,27.4,82.0,63.4,0.0,10.8,9,10.8
19,44.5,28.8,78.3,60.3,0.0,9.7,9.1,9.7
20,43.5,29.3,81.3,64.6,0.0,8,7.2,8
21,43.1,30.1,67.9,55.6,0.0,12.1,9.2,12.1
22,42.2,29.2,74.0,56.6,36.4,8.6,2.2,8.6
23,36.4,25.2,83.9,60.3,33.8,5.7,2.3,5.7
24,34.4,25.3,75.9,66.9,58.8,12.2,2.5,12.2
25,38.0,27.2,68.6,59.9,2.0,11.3,5.3,11.3
26,39.2,27.9,75.3,67.9,0.0,12.2,7.2,12.2
27,36.7,27.5,73.9,65.6,4.7,11.7,3.2,11.7
28,38.6,27.4,64.0,53.6,8.8,10.9,4,10.9
29,36.3,25.2,81.7,62.0,5.9,9.3,3.7,9.3
30,36.2,24.2,91.7,72.3,131.1,6.4,5.4,6.4
31,34.1,23.0,91.6,85.4,155.1,5.2,6.1,5.2
32,32.6,24.0,92.9,86.7,76.2,5.2,1,5.2
33,32.9,24.3,88.7,81.1,44.2,7.2,1.5,7.2
34,33.6,24.4,87.4,83.1,5.6,6.4,3.2,6.4
35,35.4,25.3,84.3,76.3,2.2,6.7,6.1,6.7
36,35.6,25.1,88.3,84.0,40.9,4.6,5.1,4.6
37,35.1,24.8,90.1,85.6,10.3,4.1,4.9,4.1
38,34.3,24.4,92.4,79.9,4.6,3.4,4.9,3.4
39,32.7,24.0,92.4,85.3,48.2,3.6,2.4,3.6
40,32.3,24.5,93.6,87.7,91.8,3.2,2.8,3.2
41,31.9,24.9,94.0,80.7,38.2,1.8,5.3,1.8
42,32.0,24.2,92.9,86.4,21.9,2.9,4.8,2.9
43,33.1,23.7,92.7,73.3,2.0,2.5,7.2,2.5
44,33.7,21.3,86.4,70.7,0.0,2.4,7.9,12.5
45,31.0,22.1,89.6,83.0,45.6,4,2.7,12.5
46,31.6,21.7,92.1,81.6,19.1,2.4,5.9,13.3
47,32.2,22.0,90.0,77.1,0.0,2.3,8.2,15.2
48,30.8,19.4,88.3,78.4,1.4,2.1,6.3,16.3
49,30.8,15.3,89.3,83.3,0.0,1.4,8.9,17.5
50,30.8,16.1,92.4,75.0,0.0,1.8,8.2,18
51,29.3,18.1,86.9,78.9,0.0,3.7,3.8,21.1
52,29.7,17.7,90.3,83.6,0.0,2.7,6.5,23.6
1,29.0,16.9,83.4,73.6,27.5,3.9,6.4,23.8
2,29.3,17.4,88.9,72.4,0.0,3,8,24.2
3,30.4,16.0,90.7,78.1,0.0,3.6,8.7,25.5
4,32.4,20.5,92.0,74.4,0.0,5.1,7.5,25.9
5,31.0,18.8,92.9,76.7,0.0,4.7,8.1,28.1
6,30.9,17.6,89.9,85.4,0.0,5.2,7.1,28.5
7,32.9,19.7,94.3,75.9,0.0,4.3,7.5,29.8
8,34.5,18.8,93.0,79.7,0.0,4.8,9.3,32.3
9,35.4,19.0,92.0,81.1,0.0,5.1,9.3,29.9
10,35.2,22.2,81.3,80.0,0.0,6.8,8.9,33
11,35.8,21.5,80.7,73.3,0.0,5.7,9.4,31.9
12,37.0,22.4,77.0,76.7,0.0,8.1,8.9,30.1
13,37.3,25.4,73.3,72.3,0.0,7.9,9.2,32.8
14,37.0,24.0,80.7,56.6,5.0,8.1,9.4,33.5
15,36.7,22.9,83.1,68.6,0.0,7.8,10.4,28.5
16,37.4,26.0,81.6,56.3,0.0,9.8,10.1,31.1
17,38.4,27.0,70.4,42.4,0.0,10,10.4,26.4
18,38.4,26.8,77.0,56.6,0.0,8.8,8.7,23.8
19,44.5,29.4,67.6,40.1,13.5,10.5,9.2,27.4
20,40.1,29.1,74.9,51.4,9.8,11.8,7.3,22
21,41.9,27.4,72.9,50.6,15.0,9.9,7.9,17.1
22,40.1,26.7,70.7,37.0,60.2,9.2,9,20.5
23,36.8,26.2,78.4,62.6,22.0,7,5.8,20.5
24,37.6,27.2,83.6,74.3,5.5,10,5.7,20.7
25,33.7,25.1,87.7,72.1,26.4,13.5,1.7,19.4
26,37.9,26.6,88.6,69.9,8.4,11.8,8.2,19.1
27,38.8,28.9,59.6,39.4,0.0,12,7.6,18.1
28,39.1,27.2,54.0,44.3,3.9,10.9,5.8,18.1
29,35.2,26.5,66.7,47.0,4.7,11.6,3.9,13.6
30,36.4,24.0,67.1,43.9,7.7,9.2,7.1,16.3
31,34.2,25.3,85.1,62.7,33.3,6.2,3.6,13.8
32,29.6,22.4,87.7,77.9,72.8,10.5,0.5,14.8
33,34.8,24.7,70.1,51.7,26.2,12.7,7,16.7
34,33.4,24.2,81.6,59.0,9.5,7.6,4.6,14.6
35,34.0,23.1,85.7,55.6,50.5,5.8,4.6,10.4
36,34.2,23.9,77.3,53.9,10.0,7.5,6.7,11.5
37,35.5,23.3,72.7,51.3,2.2,5,5,12.4
38,37.1,24.0,67.1,44.9,0.0,5.2,7.6,13.1
39,38.0,23.5,69.4,41.1,2.0,4.7,7.5,13.6
40,36.9,24.1,73.7,49.1,0.0,5,9.7,12.2
41,32.2,24.5,89.6,76.4,35.8,2.7,4.8,12.6
42,31.8,23.7,91.1,72.4,59.9,2.9,5.5,12.7
43,30.4,23.3,79.4,71.1,0.0,4.1,1.5,15.1
44,30.5,21.2,89.4,67.3,107.0,2.4,5.4,12.5
45,30.8,21.3,85.3,63.3,0.0,3.9,4.3,12.5
46,31.9,20.2,85.4,57.4,0.0,2.3,7.7,13.3
47,31.2,16.9,84.0,49.9,0.0,2.8,7.2,15.2
48,32.0,15.8,88.9,57.4,0.0,2.4,9,16.3
49,31.1,17.1,82.3,60.1,0.0,2.9,7.2,17.5
50,31.1,17.1,93.6,58.4,0.0,2.3,6.2,18
51,32.9,16.3,95.9,55.7,0.0,2.9,7.8,21.1
52,32.0,17.4,83.3,56.5,0.0,3.8,7,23.6
1,29.5,15.1,91.6,50.1,0.0,4.1,2.6,12.6
2,30.1,16.8,90.1,52.6,0.0,4.1,3.1,12.7
3,29.3,15.9,93.4,51.6,0.0,4.4,2.7,15.1
4,31.2,16.2,93.7,47.7,0.0,7.1,2.8,12.5
5,31.4,18.2,88.4,51.3,0.0,9,4.3,12.5
6,31.9,18.6,89.6,51.7,0.0,8.7,4.7,13.3
7,33.8,18.1,91.7,43.1,0.0,8.7,4,15.2
8,34.8,19.2,86.9,42.4,0.0,8.8,4.5,16.3
9,35.4,19.9,86.3,42.7,0.0,9.6,4.6,17.5
10,36.5,20.8,90.0,45.0,0.0,9.4,6.1,18
11,35.5,21.6,88.9,46.1,0.0,9,6.5,21.1
12,35.9,25.4,88.7,54.3,0.0,7.2,6.9,23.6
13,38.0,24.8,93.3,53.9,0.0,9.1,7.2,23.8
14,37.5,23.3,94.0,56.7,0.0,9.5,7.2,24.2
15,41.0,26.5,84.0,56.9,0.0,8.7,8.3,25.5
16,39.3,26.8,86.1,49.7,0.0,8.4,6.9,25.9
17,41.0,27.9,90.9,47.1,0.0,9.4,8.7,28.1
18,41.0,28.0,84.0,48.6,0.0,8.7,10,28.5
19,40.4,27.2,79.1,59.0,1.4,7.3,9.3,29.8
20,39.2,26.4,91.6,62.9,5.5,7.4,8.9,32.3
21,38.7,27.4,88.6,64.4,1.4,4.8,10.1,29.9
22,40.9,28.2,80.3,53.0,2.2,9,11.2,33
23,40.5,26.3,81.0,49.4,22.2,8.8,10.2,31.9
24,34.8,25.3,86.6,67.9,40.0,9.9,9.7,30.1
25,36.2,26.6,77.3,56.3,3.7,3.5,9.9,32.8
26,38.0,26.3,76.9,48.7,24.1,8.1,11.3,33.5
27,36.7,26.3,80.3,66.7,67.4,3.4,9.5,28.5
28,34.5,25.3,84.6,64.4,94.8,3.1,9.2,31.1
29,35.3,24.9,83.7,56.0,71.2,4.9,10.9,26.4
30,33.7,25.1,84.1,59.0,30.2,1.4,11.8,23.8
31,34.7,25.2,79.7,58.3,8.0,7.7,5.1,27.4
32,35.2,25.6,73.4,50.7,10.9,12.1,4.1,22
33,35.2,25.7,78.1,64.9,42.2,6.6,2.9,17.1
34,33.9,24.5,81.9,72.3,77.4,5,2.8,20.5
35,31.7,24.7,84.3,77.1,26.6,6.1,2.4,20.5
36,32.2,24.0,89.0,71.9,47.6,6.5,2.6,20.7
37,32.9,24.7,82.7,61.3,44.0,5.4,5.8,19.4
38,34.8,25.0,78.6,57.4,0.0,4.6,6.1,19.1
39,33.7,24.9,85.0,72.9,55.4,4.8,4,18.1
40,31.6,24.1,84.1,86.7,46.3,2.6,2.7,18.1
41,33.0,24.0,86.1,73.0,6.4,1.9,6.9,13.6
42,33.2,24.1,85.6,67.3,4.3,2.6,5.9,16.3
43,32.8,23.7,89.1,74.9,41.1,1.9,6.1,13.8
44,33.3,22.5,85.7,59.6,0.0,3.2,7.1,14.8
45,33.1,21.8,88.6,63.3,0.0,2.7,8.3,16.7
46,31.9,16.2,84.9,58.7,0.0,2.2,9.4,14.6
47,30.8,19.7,87.4,68.1,0.0,3.2,3.4,10.4
48,31.3,19.5,88.0,65.4,0.0,2.6,8.2,11.5
49,30.6,16.1,87.0,54.6,0.0,2.1,8.4,12.4
50,30.6,14.8,87.9,57.0,0.0,2.5,8.7,13.1
51,30.0,16.0,87.7,53.0,0.0,3.1,8.4,13.6
52,30.5,16.8,93.0,61.5,0.0,3.1,6.7,12.2
1,29.8,15.8,87.7,55.6,0.0,2.8,7,12.6
2,30.8,16.2,89.1,57.9,0.0,3.2,8.8,12.7
3,32.5,18.0,93.6,60.9,0.0,3.5,8.5,15.1
4,31.6,18.1,89.1,58.7,0.0,4.6,8.6,12.5
5,32.7,17.9,86.6,56.4,0.0,4.3,9.2,12.5
6,32.9,21.8,91.7,65.3,0.0,7.2,6.4,13.3
7,33.3,21.0,88.4,61.0,0.0,6.1,6.9,18
8,31.4,22.2,88.3,72.4,52.8,5.5,3.5,21.1
9,32.8,18.8,88.1,57.9,30.6,4.7,7.7,23.6
10,34.9,20.9,93.3,55.9,0.0,5.9,9.1,23.8
11,35.2,21.7,88.7,55.7,0.0,7,9.2,24.2
12,35.6,20.4,88.1,67.1,0.0,6.1,9,25.5
13,37.0,22.7,89.9,67.1,0.0,5.1,8.2,25.9
14,36.6,24.1,92.7,86.3,10.5,9.4,9.9,28.1
15,39.4,26.7,87.0,62.4,0.0,9.2,8.8,28.5
16,38.4,25.3,85.3,71.9,0.8,9.3,8.9,29.8
17,42.7,26.8,85.0,32.6,7.4,7.9,8.9,32.3
18,40.4,26.2,77.3,41.9,7.6,9.1,9.6,29.9
19,39.5,26.1,78.4,49.4,1.8,8.3,8.5,33
20,42.6,27.8,53.6,41.4,0.0,9.5,9.4,31.9
21,40.1,26.9,68.1,47.3,33.0,8.1,6.9,30.1
22,40.2,27.1,64.9,50.0,9.6,10,7.3,32.8
23,34.9,24.7,76.9,64.3,102.0,10.3,4.4,33.5
24,36.9,26.5,68.4,47.4,7.2,10.2,4.7,28.5
25,36.6,26.2,73.7,52.4,3.0,10.3,3.7,31.1
26,34.7,24.6,83.9,67.6,87.6,10,3.7,26.4
27,33.1,23.9,88.4,73.6,73.8,7.1,3.4,23.8
28,32.7,24.7,82.1,67.6,31.0,12.4,2.8,27.4
29,35.3,26.2,74.9,52.3,0.0,12.7,5.2,22
30,36.1,24.9,74.4,55.3,11.4,5.1,5.1,17.1
31,35.1,25.5,82.3,69.6,4.6,6.8,7.3,20.5
32,32.5,24.2,88.3,74.7,90.8,7.7,2.4,20.5
33,33.3,24.7,91.9,74.1,64.2,6.8,3.5,20.7
34,30.0,23.9,91.9,84.4,228.3,8.7,1.3,19.4
35,33.0,24.6,81.0,65.1,13.5,10.2,4.5,19.1
36,34.9,24.6,75.4,61.4,5.4,6.2,7.1,18.1
37,36.0,24.8,78.3,59.9,9.0,4.1,7.5,18.1
38,35.2,24.3,88.9,63.3,6.0,3.2,5.9,13.6
39,33.5,23.6,89.9,67.7,50.8,2.8,4.7,16.3
40,34.1,23.6,87.4,64.9,22.0,1.6,7.7,13.8
41,33.7,23.6,85.9,65.0,55.8,2.1,6.4,14.8
42,32.2,23.2,86.4,71.1,18.6,3.5,2.2,16.7
43,34.9,21.8,80.4,45.9,0.0,2.9,8.7,14.6
44,33.5,21.3,83.1,68.1,8.6,2.8,8.2,10.4
45,32.3,20.5,89.6,63.3,0.0,2.8,7.2,11.5
46,31.8,17.3,86.0,51.6,0.0,2.6,7.6,12.4
47,31.1,18.7,90.3,58.3,0.0,2.6,5.8,13.1
48,31.1,19.9,88.4,65.9,39.6,3.2,3.6,13.6
49,30.4,16.2,89.1,53.4,0.0,2.2,8.9,12.2
50,30.9,13.9,89.0,44.1,0.0,1.7,7.8,12.6
51,29.8,14.0,89.0,53.7,0.0,3.7,8.8,12.7
52,28.1,17.2,85.6,60.3,0.0,3.7,6.4,15.1
1,30.1,17.0,89.1,59.6,0.0,2.5,4.1,15.2
2,30.4,15.5,91.4,58.4,0.0,3.5,7.5,16.3
3,30.6,15.9,91.1,55.7,0.0,3.8,7.6,17.5
4,31.5,13.7,88.9,51.9,0.0,2.5,6.6,18
5,30.9,13.6,91.1,54.1,0.0,5,8.5,21.1
6,34.3,16.4,88.7,47.9,0.0,4.6,8.8,23.6
7,33.5,16.7,90.4,51.3,0.0,4.9,8.8,23.8
8,35.1,21.9,81.9,50.9,0.0,5.6,8.4,24.2
9,35.3,23.8,83.4,52.1,0.0,7.2,9.3,25.5
10,35.0,23.2,83.9,64.7,0.0,5.6,8.9,25.9
11,36.3,23.4,84.9,63.4,0.0,6.3,8.9,28.1
12,37.0,25.1,86.7,70.6,0.0,7.4,8.3,28.5
13,37.6,27.5,89.9,71.3,0.0,8.3,8.5,29.8
14,37.4,25.6,88.6,63.7,0.0,6.8,8.3,32.3
15,34.0,25.1,91.1,74.0,30.2,6.7,4.7,29.9
16,35.6,25.7,86.3,64.1,0.0,7.8,8.8,33
17,38.4,25.8,87.9,68.9,0.0,10.2,9.9,31.9
18,39.4,27.4,82.0,63.4,0.0,10.8,9,30.1
19,44.5,28.8,78.3,60.3,0.0,9.7,9.1,32.8
20,43.5,29.3,81.3,64.6,0.0,8,7.2,33.5
21,43.1,30.1,67.9,55.6,0.0,12.1,9.2,28.5
22,42.2,29.2,74.0,56.6,36.4,8.6,2.2,31.1
23,36.4,25.2,83.9,60.3,33.8,5.7,2.3,26.4
24,34.4,25.3,75.9,66.9,58.8,12.2,2.5,23.8
25,38.0,27.2,68.6,59.9,2.0,11.3,5.3,27.4
26,39.2,27.9,75.3,67.9,0.0,12.2,7.2,22
27,36.7,27.5,73.9,65.6,4.7,11.7,3.2,17.1
28,38.6,27.4,64.0,53.6,8.8,10.9,4,20.5
29,36.3,25.2,81.7,62.0,5.9,9.3,3.7,20.5
30,36.2,24.2,91.7,72.3,131.1,6.4,5.4,20.7
31,34.1,23.0,91.6,85.4,155.1,5.2,6.1,19.4
32,32.6,24.0,92.9,86.7,76.2,5.2,1,19.1
33,32.9,24.3,88.7,81.1,44.2,7.2,1.5,18.1
34,33.6,24.4,87.4,83.1,5.6,6.4,3.2,18.1
35,35.4,25.3,84.3,76.3,2.2,6.7,6.1,13.6
36,35.6,25.1,88.3,84.0,40.9,4.6,5.1,16.3
37,35.1,24.8,90.1,85.6,10.3,4.1,4.9,13.8
38,34.3,24.4,92.4,79.9,4.6,3.4,4.9,14.8
39,32.7,24.0,92.4,85.3,48.2,3.6,2.4,16.7
40,32.3,24.5,93.6,87.7,91.8,3.2,2.8,14.6
41,31.9,24.9,94.0,80.7,38.2,1.8,5.3,10.4
42,32.0,24.2,92.9,86.4,21.9,2.9,4.8,11.5
43,33.1,23.7,92.7,73.3,2.0,2.5,7.2,12.4
44,33.7,21.3,86.4,70.7,0.0,2.4,7.9,13.1
45,31.0,22.1,89.6,83.0,45.6,4,2.7,13.6
46,31.6,21.7,92.1,81.6,19.1,2.4,5.9,12.2
47,32.2,22.0,90.0,77.1,0.0,2.3,8.2,12.6
48,30.8,19.4,88.3,78.4,1.4,2.1,6.3,12.7
49,30.8,15.3,89.3,83.3,0.0,1.4,8.9,15.1
50,30.8,16.1,92.4,75.0,0.0,1.8,8.2,1.8
51,29.3,18.1,86.9,78.9,0.0,3.7,3.8,3.7
52,29.7,17.7,90.3,83.6,0.0,2.7,6.5,2.7
1,29.0,16.9,83.4,73.6,27.5,3.9,6.4,12.5
2,29.3,17.4,88.9,72.4,0.0,3,8,12.5
3,30.4,16.0,90.7,78.1,0.0,3.6,8.7,13.3
4,32.4,20.5,92.0,74.4,0.0,5.1,7.5,15.2
5,31.0,18.8,92.9,76.7,0.0,4.7,8.1,16.3
6,30.9,17.6,89.9,85.4,0.0,5.2,7.1,17.5
7,32.9,19.7,94.3,75.9,0.0,4.3,7.5,18
8,34.5,18.8,93.0,79.7,0.0,4.8,9.3,21.1
9,35.4,19.0,92.0,81.1,0.0,5.1,9.3,23.6
10,35.2,22.2,81.3,80.0,0.0,6.8,8.9,23.8
11,35.8,21.5,80.7,73.3,0.0,5.7,9.4,24.2
12,37.0,22.4,77.0,76.7,0.0,8.1,8.9,25.5
13,37.3,25.4,73.3,72.3,0.0,7.9,9.2,25.9
14,37.0,24.0,80.7,56.6,5.0,8.1,9.4,28.1
15,36.7,22.9,83.1,68.6,0.0,7.8,10.4,28.5
16,37.4,26.0,81.6,56.3,0.0,9.8,10.1,29.8
17,38.4,27.0,70.4,42.4,0.0,10,10.4,32.3
18,38.4,26.8,77.0,56.6,0.0,8.8,8.7,29.9
19,44.5,29.4,67.6,40.1,13.5,10.5,9.2,33
20,40.1,29.1,74.9,51.4,9.8,11.8,7.3,31.9
21,41.9,27.4,72.9,50.6,15.0,9.9,7.9,30.1
22,40.1,26.7,70.7,37.0,60.2,9.2,9,32.8
23,36.8,26.2,78.4,62.6,22.0,7,5.8,33.5
24,37.6,27.2,83.6,74.3,5.5,10,5.7,28.5
25,33.7,25.1,87.7,72.1,26.4,13.5,1.7,31.1
26,37.9,26.6,88.6,69.9,8.4,11.8,8.2,26.4
27,38.8,28.9,59.6,39.4,0.0,12,7.6,23.8
28,39.1,27.2,54.0,44.3,3.9,10.9,5.8,27.4
29,35.2,26.5,66.7,47.0,4.7,11.6,3.9,22
30,36.4,24.0,67.1,43.9,7.7,9.2,7.1,17.1
31,34.2,25.3,85.1,62.7,33.3,6.2,3.6,20.5
32,29.6,22.4,87.7,77.9,72.8,10.5,0.5,20.5
33,34.8,24.7,70.1,51.7,26.2,12.7,7,20.7
34,33.4,24.2,81.6,59.0,9.5,7.6,4.6,19.4
35,34.0,23.1,85.7,55.6,50.5,5.8,4.6,19.1
36,34.2,23.9,77.3,53.9,10.0,7.5,6.7,18.1
37,35.5,23.3,72.7,51.3,2.2,5,5,18.1
38,37.1,24.0,67.1,44.9,0.0,5.2,7.6,13.6
39,38.0,23.5,69.4,41.1,2.0,4.7,7.5,16.3
40,36.9,24.1,73.7,49.1,0.0,5,9.7,13.8
41,32.2,24.5,89.6,76.4,35.8,2.7,4.8,14.8
42,31.8,23.7,91.1,72.4,59.9,2.9,5.5,16.7
43,30.4,23.3,79.4,71.1,0.0,4.1,1.5,14.6
44,30.5,21.2,89.4,67.3,107.0,2.4,5.4,10.4
45,30.8,21.3,85.3,63.3,0.0,3.9,4.3,11.5
46,31.9,20.2,85.4,57.4,0.0,2.3,7.7,12.4
47,31.2,16.9,84.0,49.9,0.0,2.8,7.2,13.1
48,32.0,15.8,88.9,57.4,0.0,2.4,9,13.6
49,31.1,17.1,82.3,60.1,0.0,2.9,7.2,12.2
50,31.1,17.1,93.6,58.4,0.0,2.3,6.2,12.6
51,32.9,16.3,95.9,55.7,0.0,2.9,7.8,12.7
52,32.0,17.4,83.3,56.5,0.0,3.8,7,15.1
